Account No,Name ,Balance ,Status,,,,,,
1001,Danielle Palmer,7658,Active,,,,,,
1002,Anna Weaver,5340,Active,,,,,,
1003,Brandon Bates,1092,Active,,,,,,
1004,Kendra Torres,6644,Active,,,,,,
1005,Paige Jordan,6478,Active,,,,,,
1006,Curtis Tate,2804,Active,,,,,,
1007,Valerie Vang,6981,Active,,,,,,
1008,Pamela Mann,1550,Active,,,,,,
1009,Nathan French,8355,Active,,,,,,
1010,Brittany Gentry,7952,Active,,,,,,
1011,Matthew Walls,4637,Active,,,,,,
1012,Mr. Marcus Duncan,7718,Active,,,,,,
1013,Troy Taylor,8389,Active,,,,,,
1014,Phyllis Kent,4639,Active,,,,,,
1015,Charles Wright,9690,Active,,,,,,
1016,Margaret Graham,5949,Active,,,,,,
1017,Alvin Tran,7560,Active,,,,,,
1018,Douglas Dyer,6809,Active,,,,,,
1019,Kimberly Weaver,2504,Active,,,,,,
1020,Kendra Austin,3415,Active,,,,,,
1021,Leslie Norris,6253,Active,,,,,,
1022,Dawn Ingram,1068,Active,,,,,,
1023,Jeffrey Carey,4763,Active,,,,,,
1024,Carly Malone,6011,Active,,,,,,
1025,Sandra Sharp,9536,Active,,,,,,
1026,Amy Barrett,9853,Active,,,,,,
1027,Steven Robinson,1006,Active,,,,,,
1028,Brianna Collins,8331,Active,,,,,,
1029,Tracy Strong,4741,Active,,,,,,
1030,Christopher Bolton,2976,Active,,,,,,
1031,Damon Bowers,4248,Active,,,,,,
1032,Roberto Lewis,9543,Active,,,,,,
1033,Brian Moore,1940,Active,,,,,,
1034,Adam Thompson,9733,Active,,,,,,
1035,Elizabeth Torres,2937,Active,,,,,,
1036,Carrie Sanchez,3030,Active,,,,,,
1037,William Mejia,103,Active,,,,,,
1038,Andre Jones,4645,Active,,,,,,
1039,Joseph Carter,6590,Active,,,,,,
1040,Melanie Miles,5648,Active,,,,,,
1041,Vicki Pitts,6548,Active,,,,,,
1042,David Pearson,9618,Active,,,,,,
1043,Angela Woods,783,Active,,,,,,
1044,Gwendolyn Stanley,1062,Active,,,,,,
1045,Dennis Johnson,1293,Active,,,,,,
1046,Scott Nguyen,7281,Active,,,,,,
1047,Paula Cox,7483,Active,,,,,,
1048,Kathy Hill,1081,Active,,,,,,
1049,Jeffrey Brown,1516,Active,,,,,,
1050,Joshua Flores,8627,Active,,,,,,
1051,Bradley Thomas,9321,Active,,,,,,
1052,Keith Rogers,4782,Active,,,,,,
1053,Heather Bradford,6228,Active,,,,,,
1054,Joseph Callahan,1220,Active,,,,,,
1055,Robert Murphy,7901,Active,,,,,,
1056,Meghan Williams,6956,Active,,,,,,
1057,Melissa Hernandez,0,Closed,,,,,,
1058,Cameron Marshall,5225,Active,,,,,,
1059,Sydney Williams,3607,Active,,,,,,
1060,Joseph Jones,9668,Active,,,,,,
1061,Gabrielle Ewing,2667,Active,,,,,,
1062,Lance Abbott,7320,Active,,,,,,
1063,Carrie Shelton,7237,Active,,,,,,
1064,Jennifer Hancock,8333,Active,,,,,,
1065,Jason Williams,8666,Active,,,,,,
1066,Linda Riley,7763,Active,,,,,,
1067,Susan Allen,1152,Active,,,,,,
1068,Mario Price,1880,Active,,,,,,
1069,Alexander Martin,6980,Active,,,,,,
1070,Tim Sharp,5077,Active,,,,,,
1071,Adam Campbell,7158,Active,,,,,,
1072,Tammie Sims,7673,Active,,,,,,
1073,David Wright,1144,Active,,,,,,
1074,Dominic Lynch,3309,Active,,,,,,
1075,Jason Cole,7073,Active,,,,,,
1076,Katherine Franklin,9483,Active,,,,,,
1077,Jonathan Parker,5449,Active,,,,,,
1078,Kelly Parker,4643,Active,,,,,,
1079,Stephanie Patterson,6253,Active,,,,,,
1080,William Bauer,1531,Active,,,,,,
1081,Shannon Allen,9292,Active,,,,,,
1082,Mrs. Linda Carrillo,5077,Active,,,,,,
1083,Tina Williams,7594,Active,,,,,,
1084,Kurt Cortez,9809,Active,,,,,,
1085,Christina Wallace,1742,Active,,,,,,
1086,Ashley Oliver,4377,Active,,,,,,
1087,Jonathan Pacheco,4493,Active,,,,,,
1088,Krystal English,2974,Active,,,,,,
1089,Dr. Shannon Fleming,6793,Active,,,,,,
1090,Cynthia Jennings,4872,Active,,,,,,
1091,Zachary Smith,2799,Active,,,,,,
1092,Daniel Wheeler,8664,Active,,,,,,
1093,Tina James,8186,Active,,,,,,
1094,Earl Mccarthy,3243,Active,,,,,,
1095,Michael Conway,4007,Active,,,,,,
1096,Michael Johnson,7003,Active,,,,,,
1097,Christopher Mann,7919,Active,,,,,,
1098,Scott Richards,8966,Active,,,,,,
1099,Gabriella Arellano,3492,Active,,,,,,
1100,Dwayne Sanders,746,Active,,,,,,
1101,Julia Black,5273,Active,,,,,,
1102,Emily Morales,6868,Active,,,,,,
1103,Nicolas Obrien,1972,Active,,,,,,
1104,Daniel Meadows,3943,Active,,,,,,
1105,Margaret Holt,8770,Active,,,,,,
1106,John Williams,5857,Active,,,,,,
1107,Alice Jones,9286,Active,,,,,,
1108,Sally Shaw,5751,Active,,,,,,
1109,Brad Archer,2330,Active,,,,,,
1110,Mark White,5360,Active,,,,,,
1111,Thomas Castillo,764,Active,,,,,,
1112,Cindy Schultz,1075,Active,,,,,,
1113,Jennifer Farrell,690,Active,,,,,,
1114,David Woodward,3845,Active,,,,,,
1115,Thomas Gates,2155,Active,,,,,,
1116,Sherry Evans,1115,Active,,,,,,
1117,Shannon Smith,1971,Active,,,,,,
1118,Seth Massey,1890,Active,,,,,,
1119,Monica Chandler,1985,Active,,,,,,
1120,Christian Nelson,8311,Active,,,,,,
1121,Curtis Black,9557,Active,,,,,,
1122,Ann Cohen,0,Closed,,,,,,
1123,Lisa Roman,3134,Active,,,,,,
1124,Mr. Joel Long,2621,Active,,,,,,
1125,Nicholas Perry,6880,Active,,,,,,
1126,Sharon Anderson,1058,Active,,,,,,
1127,Lori Clark,9913,Active,,,,,,
1128,Charles Brewer MD,1072,Active,,,,,,
1129,Ashley Alexander,5542,Active,,,,,,
1130,Robert Zuniga,1399,Active,,,,,,
1131,Kevin Hoover Jr.,8300,Active,,,,,,
1132,April Ibarra,1153,Active,,,,,,
1133,Taylor Silva,6417,Active,,,,,,
1134,Nathan Miller MD,2495,Active,,,,,,
1135,Robert Harrison,813,Active,,,,,,
1136,Ashley Harris,8193,Active,,,,,,
1137,Sean Parsons,5149,Active,,,,,,
1138,Sarah Terry,5792,Active,,,,,,
1139,Danielle Ellison,5488,Active,,,,,,
1140,Patrick Meyers,1670,Active,,,,,,
1141,Jonathan Levine,1473,Active,,,,,,
1142,Diamond Duncan,3866,Active,,,,,,
1143,Nancy Johnson,1544,Active,,,,,,
1144,Christopher Erickson,6048,Active,,,,,,
1145,Katherine Wong,1187,Active,,,,,,
1146,John Lee,4204,Active,,,,,,
1147,Matthew Beard,9999,Active,,,,,,
1148,Matthew Anderson,3901,Active,,,,,,
1149,Karen Proctor,3128,Active,,,,,,
1150,Peggy Johnson,2935,Active,,,,,,
1151,Kelly Hughes,2268,Active,,,,,,
1152,Cynthia Todd,6479,Active,,,,,,
1153,Timothy Carpenter,1892,Active,,,,,,
1154,Robert Sanchez,2680,Active,,,,,,
1155,David Cooper,3746,Active,,,,,,
1156,Jessica Huff,2525,Active,,,,,,
1157,Paul Harper,5399,Active,,,,,,
1158,Christopher Sherman,7146,Active,,,,,,
1159,Sean Wheeler,3504,Active,,,,,,
1160,Amber Jones,4887,Active,,,,,,
1161,William Lambert,8706,Active,,,,,,
1162,Chad Berg,7593,Active,,,,,,
1163,Richard Barrett,1973,Active,,,,,,
1164,Thomas Castro,3131,Active,,,,,,
1165,Caleb Mcpherson,5094,Active,,,,,,
1166,Mary Gonzalez,5892,Active,,,,,,
1167,Clayton Murray,2547,Active,,,,,,
1168,Wendy Lee,184,Active,,,,,,
1169,Gary Jones,7517,Active,,,,,,
1170,John Oconnell,676,Active,,,,,,
1171,Becky Parker,5301,Active,,,,,,
1172,Michele Johnson,4156,Active,,,,,,
1173,Craig Mcclain,7070,Active,,,,,,
1174,Amy Carter MD,8797,Active,,,,,,
1175,Cody Cannon,6744,Active,,,,,,
1176,Jessica Lopez,9436,Active,,,,,,
1177,Theresa Mcdonald,9964,Active,,,,,,
1178,Joshua Russell,3035,Active,,,,,,
1179,John Jimenez,8570,Active,,,,,,
1180,Michael Carrillo,4276,Active,,,,,,
1181,Jonathon White,6301,Active,,,,,,
1182,Hannah Rodriguez,1326,Active,,,,,,
1183,Christopher Stokes,4767,Active,,,,,,
1184,Jeffery Moody,6168,Active,,,,,,
1185,Troy Stokes,5638,Active,,,,,,
1186,Kenneth Miles,9950,Active,,,,,,
1187,Robert Burnett,6056,Active,,,,,,
1188,Albert Davenport,4727,Active,,,,,,
1189,Dana Holt,6712,Active,,,,,,
1190,John Williams,959,Active,,,,,,
1191,Eileen Lee,7046,Active,,,,,,
1192,Alison Mills,5381,Active,,,,,,
1193,Jason Dennis,2463,Active,,,,,,
1194,Sara Mckenzie,8512,Active,,,,,,
1195,Angela Allen,1452,Active,,,,,,
1196,Raymond Taylor,1786,Active,,,,,,
1197,Karen Bryant,1069,Active,,,,,,
1198,Mary Ellis,2166,Active,,,,,,
1199,Daniel Bright,8478,Active,,,,,,
1200,Tammy Hernandez,9606,Active,,,,,,
1201,Kevin Ortiz,2847,Active,,,,,,
1202,Lindsey Miller,4952,Active,,,,,,
1203,Amy Collins,1948,Active,,,,,,
1204,Heather Parks,9017,Active,,,,,,
1205,Julie Bradley,6987,Active,,,,,,
1206,Renee Walton,872,Active,,,,,,
1207,Antonio Scott,8388,Active,,,,,,
1208,Matthew Parker,9357,Active,,,,,,
1209,Morgan Gonzales DDS,8375,Active,,,,,,
1210,Daniel Mcclain,5178,Active,,,,,,
1211,Janet Martinez,8373,Active,,,,,,
1212,Michelle Mcdonald,2351,Active,,,,,,
1213,Thomas Marshall,1978,Active,,,,,,
1214,Katherine Reese,2336,Active,,,,,,
1215,Cindy Lindsey,565,Active,,,,,,
1216,Linda Brady,1500,Active,,,,,,
1217,Nancy Castaneda,5845,Active,,,,,,
1218,Karen Phillips,6882,Active,,,,,,
1219,Jessica Kennedy,5263,Active,,,,,,
1220,Amber Briggs,3777,Active,,,,,,
1221,Michael Maldonado,5235,Active,,,,,,
1222,Nicholas Ochoa,8644,Active,,,,,,
1223,Christie Archer,4531,Active,,,,,,
1224,Lynn Shepherd,690,Active,,,,,,
1225,David Romero,6571,Active,,,,,,
1226,Joshua Phillips,2366,Active,,,,,,
1227,Andrea Mueller,8127,Active,,,,,,
1228,Joshua Hood,624,Active,,,,,,
1229,Daniel Barnes,8572,Active,,,,,,
1230,Christopher Garcia,8595,Active,,,,,,
1231,Katie Glass,8137,Active,,,,,,
1232,David Davenport,9951,Active,,,,,,
1233,Jennifer Nelson,4318,Active,,,,,,
1234,Shane Reyes,6783,Active,,,,,,
1235,Justin Anderson,4109,Active,,,,,,
1236,David Walsh,5421,Active,,,,,,
1237,Lisa Perez,1370,Active,,,,,,
1238,Donald Fuentes,4065,Active,,,,,,
1239,Anthony Ferguson,1137,Active,,,,,,
1240,Nicholas Jacobs,8838,Active,,,,,,
1241,Alisha Rosario,8362,Active,,,,,,
1242,Jasmine Thompson,1602,Active,,,,,,
1243,Felicia Lee,4964,Active,,,,,,
1244,Matthew Cooper,416,Active,,,,,,
1245,Kerry Davis,3550,Active,,,,,,
1246,Victoria Gomez,3419,Active,,,,,,
1247,Chad Davis,8493,Active,,,,,,
1248,Denise Adams,6457,Active,,,,,,
1249,Christian Murray,5010,Active,,,,,,
1250,Catherine Herrera,937,Active,,,,,,
1251,Ryan Terry,2222,Active,,,,,,
1252,Jennifer Moreno,4250,Active,,,,,,
1253,Jennifer Snyder,3612,Active,,,,,,
1254,Beth Allen,1969,Active,,,,,,
1255,Drew Johnston,6180,Active,,,,,,
1256,Nicole Bennett,2692,Active,,,,,,
1257,Pamela Bates,6150,Active,,,,,,
1258,Mark Lane,1487,Active,,,,,,
1259,David Johnson,8753,Active,,,,,,
1260,Robert Mcknight,6212,Active,,,,,,
1261,Meredith Bradshaw,9664,Active,,,,,,
1262,Eric Stewart,8965,Active,,,,,,
1263,Jennifer Hayes,1726,Active,,,,,,
1264,Aaron Thomas,6095,Active,,,,,,
1265,Jessica Myers PhD,5396,Active,,,,,,
1266,Lee Anderson,5057,Active,,,,,,
1267,Michael Lopez,6252,Active,,,,,,
1268,Johnny Jackson,4557,Active,,,,,,
1269,Samuel Jackson,7547,Active,,,,,,
1270,Mr. Arthur Ramirez,8907,Active,,,,,,
1271,Sarah Lewis,5590,Active,,,,,,
1272,Patrick Hicks,7007,Active,,,,,,
1273,Christopher Thomas,7242,Active,,,,,,
1274,Lee Mclaughlin,580,Active,,,,,,
1275,Susan Waters,6216,Active,,,,,,
1276,Katherine Wu,5944,Active,,,,,,
1277,Beth Thompson,5049,Active,,,,,,
1278,Melinda Smith,3259,Active,,,,,,
1279,Rachel Gardner,3420,Active,,,,,,
1280,Justin Webb,8389,Active,,,,,,
1281,Hunter Ellis,4059,Active,,,,,,
1282,Mrs. Karla Cochran,8522,Active,,,,,,
1283,Amber Brooks,9556,Active,,,,,,
1284,Shelly Watts,9045,Active,,,,,,
1285,Cynthia Schwartz,7418,Active,,,,,,
1286,David Livingston,554,Active,,,,,,
1287,Austin Davis,9041,Active,,,,,,
1288,Linda Webb,259,Active,,,,,,
1289,Michael Kelly,7122,Active,,,,,,
1290,Kristen Huff,5850,Active,,,,,,
1291,Nicole Jones,8117,Active,,,,,,
1292,Kyle Gonzalez MD,7244,Active,,,,,,
1293,Ronald Lewis,9109,Active,,,,,,
1294,Adam Cabrera,6558,Active,,,,,,
1295,Cheryl Nguyen,9271,Active,,,,,,
1296,Veronica Brown,7716,Active,,,,,,
1297,Travis Hicks,9555,Active,,,,,,
1298,Adrian Welch,4500,Active,,,,,,
1299,Ronald Rowland,2605,Active,,,,,,
1300,Jo Koch,9839,Active,,,,,,
1301,Julie Hall,9333,Active,,,,,,
1302,Robin Smith,8445,Active,,,,,,
1303,Janet Craig,6983,Active,,,,,,
1304,Daniel Wright,9081,Active,,,,,,
1305,Jennifer Kirk,156,Active,,,,,,
1306,Kathleen Rodriguez,3334,Active,,,,,,
1307,William Buchanan,4737,Active,,,,,,
1308,Shannon Johnson,8041,Active,,,,,,
1309,Catherine Austin,746,Active,,,,,,
1310,Thomas Lewis,7132,Active,,,,,,
1311,Joel Roberts,3058,Active,,,,,,
1312,Brian Holt,6765,Active,,,,,,
1313,Christopher Brown,6533,Active,,,,,,
1314,Corey Villarreal,1745,Active,,,,,,
1315,Amanda Ryan,2351,Active,,,,,,
1316,Michael Rivera,9242,Active,,,,,,
1317,Michael Strickland,6668,Active,,,,,,
1318,Andrea Mcfarland,5944,Active,,,,,,
1319,Erika Andrews,9122,Active,,,,,,
1320,Brenda Reilly,8633,Active,,,,,,
1321,Wyatt James,4232,Active,,,,,,
1322,Christopher Miller,2498,Active,,,,,,
1323,Rodney Collier,4031,Active,,,,,,
1324,Rebecca Peterson,8781,Active,,,,,,
1325,Patricia Wallace,6762,Active,,,,,,
1326,Nicole Wood,4470,Active,,,,,,
1327,Thomas Snyder,6340,Active,,,,,,
1328,Melissa Chan,8933,Active,,,,,,
1329,Thomas Gutierrez,5709,Active,,,,,,
1330,Jeremy Ward,291,Active,,,,,,
1331,Devin Oneill,9231,Active,,,,,,
1332,Tracey Green,1615,Active,,,,,,
1333,Todd Larson MD,7649,Active,,,,,,
1334,Linda Key,8448,Active,,,,,,
1335,Brian Hudson,2316,Active,,,,,,
1336,Tyler Perry,3390,Active,,,,,,
1337,Makayla Hernandez,6761,Active,,,,,,
1338,Justin Harris,2549,Active,,,,,,
1339,Charles Moore,1476,Active,,,,,,
1340,Harold Vasquez Jr.,5587,Active,,,,,,
1341,Tracy Caldwell,6180,Active,,,,,,
1342,Robin Patterson,5468,Active,,,,,,
1343,Kimberly Anderson,7028,Active,,,,,,
1344,Jose Carr,8131,Active,,,,,,
1345,Jesse French,1940,Active,,,,,,
1346,Ashley Wallace,2643,Active,,,,,,
1347,Michael Diaz,5482,Active,,,,,,
1348,Matthew Johnson,2514,Active,,,,,,
1349,Brenda Martinez,5482,Active,,,,,,
1350,Brittany Mcbride,9471,Active,,,,,,
1351,Jeanette Coffey,533,Active,,,,,,
1352,Maurice York,6942,Active,,,,,,
1353,Samuel Valdez,6906,Active,,,,,,
1354,Daniel King,8414,Active,,,,,,
1355,Terri Smith,4224,Active,,,,,,
1356,Christopher Rodriguez,201,Active,,,,,,
1357,David Torres,7248,Active,,,,,,
1358,Joseph Garcia,2169,Active,,,,,,
1359,Matthew Sims,3506,Active,,,,,,
1360,Mary Jones,9713,Active,,,,,,
1361,Renee Ramos,9347,Active,,,,,,
1362,James Scott,679,Active,,,,,,
1363,Nicole Velazquez DDS,7843,Active,,,,,,
1364,Ronald Allen,5360,Active,,,,,,
1365,Katherine Warren,6759,Active,,,,,,
1366,Eric Fowler,8165,Active,,,,,,
1367,Crystal Collins,6816,Active,,,,,,
1368,Christina Lee,2917,Active,,,,,,
1369,Chris Diaz,5137,Active,,,,,,
1370,Nathaniel Meza,1621,Active,,,,,,
1371,Crystal Rogers,8189,Active,,,,,,
1372,Steven Burke,987,Active,,,,,,
1373,Brian Stokes,8332,Active,,,,,,
1374,David Smith,2948,Active,,,,,,
1375,Mark Shaw,4150,Active,,,,,,
1376,Travis Wilson,1590,Active,,,,,,
1377,Douglas Moore,1096,Active,,,,,,
1378,Alicia Jones,5358,Active,,,,,,
1379,Kevin Thompson,8409,Active,,,,,,
1380,John Hanson,1294,Active,,,,,,
1381,David Matthews,4564,Active,,,,,,
1382,Erica Adams,0,Closed,,,,,,
1383,Eric Sanchez,9041,Active,,,,,,
1384,Amanda Love,2285,Active,,,,,,
1385,Becky Goodman,5139,Active,,,,,,
1386,Steven Wilson,237,Active,,,,,,
1387,Shawn Small,1716,Active,,,,,,
1388,Charles Ward,2654,Active,,,,,,
1389,Gabrielle Cole,6083,Active,,,,,,
1390,Emily Wallace,6862,Active,,,,,,
1391,Sara Wood,9561,Active,,,,,,
1392,Kyle Smith,4690,Active,,,,,,
1393,Wesley Mullins,6880,Active,,,,,,
1394,Heather Pruitt,1501,Active,,,,,,
1395,James Johnson,8767,Active,,,,,,
1396,Gary Russell,2952,Active,,,,,,
1397,Caleb Carroll,696,Active,,,,,,
1398,Daniel Young,4947,Active,,,,,,
1399,Colleen Stevens,560,Active,,,,,,
1400,Terri Garcia,2774,Active,,,,,,
1401,Miss Emily Miller,152,Active,,,,,,
1402,Thomas Williams,5708,Active,,,,,,
1403,Paul Butler,1848,Active,,,,,,
1404,Megan Castro,7558,Active,,,,,,
1405,Ricardo Wright,7725,Active,,,,,,
1406,Matthew Moody,8452,Active,,,,,,
1407,Brandi Johnson,9400,Active,,,,,,
1408,Scott Mcgee,5210,Active,,,,,,
1409,Peter Carter,6352,Active,,,,,,
1410,Christopher Nunez,4676,Active,,,,,,
1411,Kelly Miller,7690,Active,,,,,,
1412,Joseph Sutton,7974,Active,,,,,,
1413,Rebecca Romero,6530,Active,,,,,,
1414,Jeffrey Chapman,8732,Active,,,,,,
1415,Evan Stuart,910,Active,,,,,,
1416,Brandon Mccarthy,7563,Active,,,,,,
1417,Manuel Davis,7893,Active,,,,,,
1418,Dylan Shelton,9450,Active,,,,,,
1419,Gloria Powell,9756,Active,,,,,,
1420,John Anderson,7103,Active,,,,,,
1421,Samuel Walker,4519,Active,,,,,,
1422,Christine Santiago,1844,Active,,,,,,
1423,George Stone,5800,Active,,,,,,
1424,Michael Webb,5147,Active,,,,,,
1425,Richard Barnett,5574,Active,,,,,,
1426,Courtney Morrison,2230,Active,,,,,,
1427,Melinda Clarke,138,Active,,,,,,
1428,Shannon Wang,3780,Active,,,,,,
1429,Andrew Harris,1070,Active,,,,,,
1430,Jerry Morse,7480,Active,,,,,,
1431,Theresa Martin,6625,Active,,,,,,
1432,Thomas Ayala,7617,Active,,,,,,
1433,Carol Duffy,5491,Active,,,,,,
1434,Eric Ross,7506,Active,,,,,,
1435,Jennifer Perez,7423,Active,,,,,,
1436,David Curtis,6152,Active,,,,,,
1437,Anna Singh,5992,Active,,,,,,
1438,Michael Cochran,7174,Active,,,,,,
1439,Emily Hood,1097,Active,,,,,,
1440,Sierra Simmons,4082,Active,,,,,,
1441,Aaron Lopez,6836,Active,,,,,,
1442,Pamela Hodges,1502,Active,,,,,,
1443,Elizabeth Durham,2219,Active,,,,,,
1444,Nicole Daniel,1634,Active,,,,,,
1445,Jason Robinson,6179,Active,,,,,,
1446,James Romero,7084,Active,,,,,,
1447,Joseph Allen,7476,Active,,,,,,
1448,Victor Ware,1711,Active,,,,,,
1449,Kimberly Mcintosh,1504,Active,,,,,,
1450,Alexandra Olson,1743,Active,,,,,,
1451,Patricia Douglas,5429,Active,,,,,,
1452,Martin Browning,1917,Active,,,,,,
1453,Patricia Williamson,1851,Active,,,,,,
1454,Kimberly Navarro,9939,Active,,,,,,
1455,Matthew Reed,6362,Active,,,,,,
1456,Robert Harris,8295,Active,,,,,,
1457,Jason Hunt,6652,Active,,,,,,
1458,Ashley Chen,9272,Active,,,,,,
1459,James Sanford,2145,Active,,,,,,
1460,Karen Carson,4919,Active,,,,,,
1461,Sara Davidson,9320,Active,,,,,,
1462,Hannah Peters,2697,Active,,,,,,
1463,Kevin Fox,9033,Active,,,,,,
1464,Troy Dennis,1692,Active,,,,,,
1465,Nancy Graves,2210,Active,,,,,,
1466,Eric Fowler,2126,Active,,,,,,
1467,Joseph Brown,8997,Active,,,,,,
1468,Larry Norris,1544,Active,,,,,,
1469,Kathleen Roth,7880,Active,,,,,,
1470,Kenneth Ayala,4129,Active,,,,,,
1471,Connie Golden,9745,Active,,,,,,
1472,Alexis Garcia,2327,Active,,,,,,
1473,Joshua Rodriguez,4941,Active,,,,,,
1474,Heather Thomas,1847,Active,,,,,,
1475,Julie Cruz,6758,Active,,,,,,
1476,Randy Hawkins,5293,Active,,,,,,
1477,Dylan Weaver,2521,Active,,,,,,
1478,Diane Malone,1739,Active,,,,,,
1479,Douglas Kennedy,7003,Active,,,,,,
1480,Christopher Ferguson,1146,Active,,,,,,
1481,Dawn Long,129,Active,,,,,,
1482,Gary Hart IV,8950,Active,,,,,,
1483,Terry Hawkins,4048,Active,,,,,,
1484,Scott Gonzalez,3145,Active,,,,,,
1485,Shelby Diaz,8831,Active,,,,,,
1486,Jose Price,8894,Active,,,,,,
1487,Susan Baxter,735,Active,,,,,,
1488,Tom Norman,6127,Active,,,,,,
1489,Richard Lee,9643,Active,,,,,,
1490,Kelsey Estes,5653,Active,,,,,,
1491,Mark Campbell,5363,Active,,,,,,
1492,Ruth Jones,7539,Active,,,,,,
1493,Amy Blankenship,866,Active,,,,,,
1494,Joe Christensen,4489,Active,,,,,,
1495,Debra Obrien,3206,Active,,,,,,
1496,Jennifer Allen,8462,Active,,,,,,
1497,Gary Walker,3345,Active,,,,,,
1498,Robert Cruz,5014,Active,,,,,,
1499,Lisa Daugherty,398,Active,,,,,,
1500,Spencer Webb,6304,Active,,,,,,
1501,Alan Adams,7412,Active,,,,,,
1502,Brenda Porter,6415,Active,,,,,,
1503,Steven Miller,7897,Active,,,,,,
1504,Tamara Harris,3885,Active,,,,,,
1505,Rebecca Parker,1167,Active,,,,,,
1506,Matthew Wilson,2034,Active,,,,,,
1507,Rodney Sloan,2462,Active,,,,,,
1508,Gregory Smith,5964,Active,,,,,,
1509,Danny York,8281,Active,,,,,,
1510,Harold Rice,7089,Active,,,,,,
1511,Lisa Martin,725,Active,,,,,,
1512,Sean Lopez,4105,Active,,,,,,
1513,Joshua Burns,5494,Active,,,,,,
1514,Anthony Miller,3146,Active,,,,,,
1515,Jacob Sanchez,6164,Active,,,,,,
1516,Brian Owens,7420,Active,,,,,,
1517,Richard Wright,7515,Active,,,,,,
1518,Jesse Richardson,511,Active,,,,,,
1519,Mary Doyle,7874,Active,,,,,,
1520,Karen Roy,3724,Active,,,,,,
1521,William Wilson,646,Active,,,,,,
1522,Charles Huang,9328,Active,,,,,,
1523,Crystal Wilson,527,Active,,,,,,
1524,Gary Brown,9919,Active,,,,,,
1525,Jennifer Bryant,3598,Active,,,,,,
1526,Michelle Wright,1190,Active,,,,,,
1527,Travis Bell,8843,Active,,,,,,
1528,Jesus Parker,4758,Active,,,,,,
1529,Brandi Carroll,8301,Active,,,,,,
1530,Lisa Blanchard,1278,Active,,,,,,
1531,Lauren Mcmillan,3442,Active,,,,,,
1532,Cody Pollard DDS,214,Active,,,,,,
1533,Benjamin Pitts,6510,Active,,,,,,
1534,Austin Padilla,1917,Active,,,,,,
1535,Jennifer Ruiz,3156,Active,,,,,,
1536,Wanda Walton,672,Active,,,,,,
1537,Douglas Simpson,2529,Active,,,,,,
1538,Jonathan Allen,1832,Active,,,,,,
1539,Lori Myers,9256,Active,,,,,,
1540,Annette Boyle,266,Active,,,,,,
1541,Christine Gonzalez,6841,Active,,,,,,
1542,Justin Cummings,5391,Active,,,,,,
1543,Tonya Dorsey,356,Active,,,,,,
1544,Rachel Watson,995,Active,,,,,,
1545,Walter Flores,3292,Active,,,,,,
1546,Mr. Lucas Garcia,8852,Active,,,,,,
1547,Patricia Morales,8239,Active,,,,,,
1548,Kevin Caldwell,2113,Active,,,,,,
1549,Denise Lopez,1316,Active,,,,,,
1550,Jennifer Williams,4836,Active,,,,,,
1551,Veronica Taylor,3137,Active,,,,,,
1552,David Barnes,343,Active,,,,,,
1553,Kimberly Dunn,9024,Active,,,,,,
1554,Andrea Taylor,4632,Active,,,,,,
1555,Rachel Moore,682,Active,,,,,,
1556,Lauren Johns,9096,Active,,,,,,
1557,Matthew Savage,6552,Active,,,,,,
1558,Jonathan Miller,1874,Active,,,,,,
1559,Michael Montgomery,5417,Active,,,,,,
1560,Nancy Castillo,5168,Active,,,,,,
1561,Cassandra Jones,4625,Active,,,,,,
1562,Daniel Barrett,9401,Active,,,,,,
1563,Peter Ford,8310,Active,,,,,,
1564,Amy Stein,4928,Active,,,,,,
1565,Tina Davis,9746,Active,,,,,,
1566,David Rodriguez,5940,Active,,,,,,
1567,Rebekah Lopez,1616,Active,,,,,,
1568,Walter Rivas,0,Closed,,,,,,
1569,Logan Lang,2843,Active,,,,,,
1570,Carolyn Hawkins,586,Active,,,,,,
1571,Jason Hamilton,9349,Active,,,,,,
1572,Sandy Chavez,1154,Active,,,,,,
1573,Kenneth Arias,6458,Active,,,,,,
1574,Malik Bradley,9961,Active,,,,,,
1575,Nicole Rodriguez,6846,Active,,,,,,
1576,Melissa Martinez,1049,Active,,,,,,
1577,Sherri Moore,6263,Active,,,,,,
1578,Mary White,1711,Active,,,,,,
1579,Jeffrey Owens,7765,Active,,,,,,
1580,Natasha Johnson,6965,Active,,,,,,
1581,Donald Noble,1514,Active,,,,,,
1582,Dana Kent,180,Active,,,,,,
1583,Terry Knight,4581,Active,,,,,,
1584,Jeffrey Johnson,735,Active,,,,,,
1585,Melissa Gonzales,622,Active,,,,,,
1586,Kaitlin Bennett,4295,Active,,,,,,
1587,Danielle Shaffer,9471,Active,,,,,,
1588,James Brown,3333,Active,,,,,,
1589,Kevin Glover,236,Active,,,,,,
1590,David Hanson,8423,Active,,,,,,
1591,Michael Powell,6874,Active,,,,,,
1592,Richard Moreno,5511,Active,,,,,,
1593,Patricia Clark,540,Active,,,,,,
1594,Peggy King,2368,Active,,,,,,
1595,Corey Murray,4852,Active,,,,,,
1596,Katherine Brown,8430,Active,,,,,,
1597,Michael Green,1558,Active,,,,,,
1598,David Smith,1400,Active,,,,,,
1599,Brenda Johnson,1856,Active,,,,,,
1600,Jonathan Barker,1246,Active,,,,,,
1601,Ryan Johnson,1462,Active,,,,,,
1602,Dorothy Jackson,7847,Active,,,,,,
1603,Zachary Petersen,3616,Active,,,,,,
1604,Christine Baker,7514,Active,,,,,,
1605,Maria Schwartz,8142,Active,,,,,,
1606,Amanda Melendez,1393,Active,,,,,,
1607,Jennifer Blevins,2667,Active,,,,,,
1608,Charles Mayer,4523,Active,,,,,,
1609,Sherri Moon,6970,Active,,,,,,
1610,James Torres,312,Active,,,,,,
1611,Sarah Ibarra,9092,Active,,,,,,
1612,Sandra Smith,8153,Active,,,,,,
1613,Valerie Burke,946,Active,,,,,,
1614,Gabriel Cooper,1600,Active,,,,,,
1615,Linda Hernandez,1438,Active,,,,,,
1616,Christopher Small,1935,Active,,,,,,
1617,Jason Johnson,3294,Active,,,,,,
1618,John Perez,4645,Active,,,,,,
1619,Paul Brooks,3899,Active,,,,,,
1620,Kevin Perry,2998,Active,,,,,,
1621,James Williams,7515,Active,,,,,,
1622,Amanda Dixon,6946,Active,,,,,,
1623,Zachary Anderson,274,Active,,,,,,
1624,Amy French,6272,Active,,,,,,
1625,Cody Gordon,5097,Active,,,,,,
1626,David Reed,1957,Active,,,,,,
1627,Kim Jones,4758,Active,,,,,,
1628,Michael Martin,7864,Active,,,,,,
1629,Michele Steele,2746,Active,,,,,,
1630,Michael Newman,4482,Active,,,,,,
1631,Jacob Lambert,5650,Active,,,,,,
1632,Steven Davis,4626,Active,,,,,,
1633,Latoya Johnson,7233,Active,,,,,,
1634,Ashley Russo,7946,Active,,,,,,
1635,Nathan Sexton,4559,Active,,,,,,
1636,Hector Butler,0,Closed,,,,,,
1637,Alexis Clark,7464,Active,,,,,,
1638,Kristen Cooper,7237,Active,,,,,,
1639,Jeffrey Welch,8000,Active,,,,,,
1640,Elizabeth Maynard,793,Active,,,,,,
1641,Jennifer Lopez,4497,Active,,,,,,
1642,William Tanner,6660,Active,,,,,,
1643,Michelle Schultz,1022,Active,,,,,,
1644,Devon King,8957,Active,,,,,,
1645,John Webb,9663,Active,,,,,,
1646,Jeffrey Cortez,4011,Active,,,,,,
1647,Gerald Bishop,7320,Active,,,,,,
1648,Patrick Tucker,5017,Active,,,,,,
1649,Julie Davis,6800,Active,,,,,,
1650,Jacqueline Calderon,9517,Active,,,,,,
1651,Mrs. Lacey Castillo,4147,Active,,,,,,
1652,Katherine Stephenson,8858,Active,,,,,,
1653,Lisa Dean,1863,Active,,,,,,
1654,Lauren Barber,9475,Active,,,,,,
1655,Stephanie Nunez,321,Active,,,,,,
1656,Ryan Steele,8218,Active,,,,,,
1657,Mallory Moss,358,Active,,,,,,
1658,Drew Suarez,4749,Active,,,,,,
1659,Jill Davidson,3083,Active,,,,,,
1660,Heather Hopkins,303,Active,,,,,,
1661,Dr. Jennifer Freeman MD,1360,Active,,,,,,
1662,Lynn Strickland,3317,Active,,,,,,
1663,John Kim,8011,Active,,,,,,
1664,Nicole Davis,2607,Active,,,,,,
1665,Carrie Wiley,7590,Active,,,,,,
1666,Jesse Garcia,7326,Active,,,,,,
1667,Mrs. Savannah Wagner MD,3188,Active,,,,,,
1668,Jennifer Hopkins,6073,Active,,,,,,
1669,Stephanie Maxwell,9472,Active,,,,,,
1670,Rachel Robinson,8474,Active,,,,,,
1671,Casey Jimenez,984,Active,,,,,,
1672,Brian Robinson,3926,Active,,,,,,
1673,Christine Thomas,7661,Active,,,,,,
1674,John Preston,6075,Active,,,,,,
1675,Scott Stewart,3423,Active,,,,,,
1676,Angela Rogers,9833,Active,,,,,,
1677,Christopher Fox,8340,Active,,,,,,
1678,Jenna Wells,5803,Active,,,,,,
1679,Mario Mayo,8214,Active,,,,,,
1680,Michelle Villegas,707,Active,,,,,,
1681,Marcus Cummings,434,Active,,,,,,
1682,Bethany Kelly,6613,Active,,,,,,
1683,Robert Burns,7886,Active,,,,,,
1684,Frank Jackson,9631,Active,,,,,,
1685,Matthew Anderson,9744,Active,,,,,,
1686,Renee Becker,7666,Active,,,,,,
1687,Brian Marquez,8574,Active,,,,,,
1688,James Burgess,543,Active,,,,,,
1689,James Mullins,1466,Active,,,,,,
1690,Kevin Olson,4665,Active,,,,,,
1691,Kristin Dougherty,8569,Active,,,,,,
1692,Brianna Shaw,4663,Active,,,,,,
1693,Danielle Rowe,1489,Active,,,,,,
1694,Matthew Thompson,6368,Active,,,,,,
1695,Mrs. Danielle Jones,4091,Active,,,,,,
1696,Jonathan West,3414,Active,,,,,,
1697,Christopher Wong,7811,Active,,,,,,
1698,Michael Mathis,3299,Active,,,,,,
1699,Jeremy Rivera,2544,Active,,,,,,
1700,Michael Mcgrath,2048,Active,,,,,,
1701,Sandra Chen,2618,Active,,,,,,
1702,Nicolas Ferguson,7601,Active,,,,,,
1703,Shannon Keller,3084,Active,,,,,,
1704,Jason Gilbert,2390,Active,,,,,,
1705,Michael Wilkins,7352,Active,,,,,,
1706,Samuel Irwin,3433,Active,,,,,,
1707,Charles Stein,190,Active,,,,,,
1708,Richard Washington,373,Active,,,,,,
1709,Robert Wilson,393,Active,,,,,,
1710,Valerie Gibbs,1254,Active,,,,,,
1711,Terry Boyd,8000,Active,,,,,,
1712,Richard Davis,2186,Active,,,,,,
1713,Taylor Rodriguez,9547,Active,,,,,,
1714,Jesse Day,8941,Active,,,,,,
1715,Christina Pope,6441,Active,,,,,,
1716,Olivia Robinson DDS,1460,Active,,,,,,
1717,Jennifer Williams,9765,Active,,,,,,
1718,Brandon Scott,6751,Active,,,,,,
1719,Dr. Joseph Kelly,297,Active,,,,,,
1720,Terry Clarke,7336,Active,,,,,,
1721,Sherri Bradley,7797,Active,,,,,,
1722,Christopher Johnson,5383,Active,,,,,,
1723,Stanley Sparks,4585,Active,,,,,,
1724,Dr. Ariel Caldwell,6248,Active,,,,,,
1725,Calvin Allen,8271,Active,,,,,,
1726,Olivia Kennedy,4854,Active,,,,,,
1727,Lori Lee,4627,Active,,,,,,
1728,Sydney Miller,3573,Active,,,,,,
1729,William Hatfield,3650,Active,,,,,,
1730,Larry Berry,1361,Active,,,,,,
1731,Wendy Adams,9470,Active,,,,,,
1732,Joseph Jones,4929,Active,,,,,,
1733,Tanya Jones,4642,Active,,,,,,
1734,Sheila Haynes,8228,Active,,,,,,
1735,Sally Flynn,4131,Active,,,,,,
1736,Christina Hall,8070,Active,,,,,,
1737,Derek Anderson,4670,Active,,,,,,
1738,Anna Baker,5477,Active,,,,,,
1739,Michael Collins,1857,Active,,,,,,
1740,Michael Hutchinson,1949,Active,,,,,,
1741,John Knight,545,Active,,,,,,
1742,John Rodriguez,3938,Active,,,,,,
1743,Mary George,9347,Active,,,,,,
1744,Ellen Stein,4469,Active,,,,,,
1745,Jennifer Davis,2124,Active,,,,,,
1746,Zachary Barron,4703,Active,,,,,,
1747,Maria Middleton,8370,Active,,,,,,
1748,Robert Melendez,4735,Active,,,,,,
1749,Bridget Steele,1135,Active,,,,,,
1750,Tyler Becker Jr.,9879,Active,,,,,,
1751,Larry Nelson,8412,Active,,,,,,
1752,Nancy Wolf MD,2658,Active,,,,,,
1753,Stephanie Smith,3192,Active,,,,,,
1754,Adriana Smith,1674,Active,,,,,,
1755,Laura Meyer,1085,Active,,,,,,
1756,Michelle Bryant,8279,Active,,,,,,
1757,Thomas Anderson,2597,Active,,,,,,
1758,Dawn Chavez,4870,Active,,,,,,
1759,Roger Sims,4105,Active,,,,,,
1760,Leah Woodward,6901,Active,,,,,,
1761,Jessica Huffman,7823,Active,,,,,,
1762,Dana Perez,368,Active,,,,,,
1763,Scott Hernandez,8517,Active,,,,,,
1764,Luke Cummings,1823,Active,,,,,,
1765,Tanya Smith,7607,Active,,,,,,
1766,Natalie Williams,5303,Active,,,,,,
1767,Melissa Quinn,1323,Active,,,,,,
1768,Laura Norton,3416,Active,,,,,,
1769,Jennifer Frazier,2766,Active,,,,,,
1770,John Patterson,9279,Active,,,,,,
1771,Christine Sanchez,2987,Active,,,,,,
1772,Jordan Carrillo,1291,Active,,,,,,
1773,Jamie Deleon,8202,Active,,,,,,
1774,Amy Brooks,5538,Active,,,,,,
1775,Scott Vasquez,7954,Active,,,,,,
1776,Darren Brewer,5919,Active,,,,,,
1777,Jerome Howard,3101,Active,,,,,,
1778,Michael Shah,9960,Active,,,,,,
1779,Aaron Allen,3424,Active,,,,,,
1780,Monica Hawkins,6614,Active,,,,,,
1781,Jamie Harvey,8429,Active,,,,,,
1782,Tonya Hill,6367,Active,,,,,,
1783,Ms. Deborah Jones,550,Active,,,,,,
1784,Nancy Roberts,1795,Active,,,,,,
1785,Bethany Johnston,8158,Active,,,,,,
1786,Erica Vasquez,9283,Active,,,,,,
1787,Julia Jones,1098,Active,,,,,,
1788,Eric Fleming,6509,Active,,,,,,
1789,Valerie Weber,4271,Active,,,,,,
1790,Caroline Rodriguez,5040,Active,,,,,,
1791,Debbie Green,636,Active,,,,,,
1792,Mary Hall,6095,Active,,,,,,
1793,Samuel Duke,5738,Active,,,,,,
1794,Christopher Reed,8202,Active,,,,,,
1795,John Hernandez,945,Active,,,,,,
1796,Tamara Weiss DVM,4688,Active,,,,,,
1797,Blake Harvey,7427,Active,,,,,,
1798,Justin Boyer,2629,Active,,,,,,
1799,Garrett Wells,3348,Active,,,,,,
1800,Pam Wagner,2509,Active,,,,,,
1801,Anthony Rhodes,765,Active,,,,,,
1802,Penny Harris,2612,Active,,,,,,
1803,Michael Morrison,1235,Active,,,,,,
1804,Derrick Zhang,1271,Active,,,,,,
1805,Mark Anderson IV,3366,Active,,,,,,
1806,Stacy Mcintosh,270,Active,,,,,,
1807,Lori Cole,3453,Active,,,,,,
1808,Douglas West,9012,Active,,,,,,
1809,Audrey Pena,6360,Active,,,,,,
1810,Robert Roberts,6192,Active,,,,,,
1811,Michael Leon,4325,Active,,,,,,
1812,Patrick Hickman,9139,Active,,,,,,
1813,Frank Taylor,5899,Active,,,,,,
1814,Samantha Martinez,4274,Active,,,,,,
1815,Mary Tyler,0,Closed,,,,,,
1816,James Thomas,7289,Active,,,,,,
1817,John Johnston,540,Active,,,,,,
1818,Christopher Henry,1334,Active,,,,,,
1819,Colton Joseph,7454,Active,,,,,,
1820,Heather Brown,9296,Active,,,,,,
1821,Tracy Vasquez,3253,Active,,,,,,
1822,Troy Williamson,7599,Active,,,,,,
1823,Xavier Graves,1395,Active,,,,,,
1824,Kerry Green,9970,Active,,,,,,
1825,Paul Oneill,3575,Active,,,,,,
1826,Joanna Larsen,7159,Active,,,,,,
1827,Justin Thompson,5460,Active,,,,,,
1828,Mary Patterson,8672,Active,,,,,,
1829,Arthur Olson,2136,Active,,,,,,
1830,Allison Garcia,7584,Active,,,,,,
1831,Aaron Frost,4475,Active,,,,,,
1832,Jerry Nguyen,6654,Active,,,,,,
1833,Jane Wade,2346,Active,,,,,,
1834,Christopher Thompson,4681,Active,,,,,,
1835,Kathy Hansen,1619,Active,,,,,,
1836,Louis Moore,6671,Active,,,,,,
1837,Joshua Torres,231,Active,,,,,,
1838,Jessica Hall,9382,Active,,,,,,
1839,Deborah Smith,5673,Active,,,,,,
1840,Amanda Moss,4799,Active,,,,,,
1841,Lisa Daniels,7102,Active,,,,,,
1842,Kayla Hammond,6387,Active,,,,,,
1843,Brett Jackson,1390,Active,,,,,,
1844,Gregory Davis,7850,Active,,,,,,
1845,Cynthia Robinson,2906,Active,,,,,,
1846,Kristen Jackson,8102,Active,,,,,,
1847,Justin Wheeler,1550,Active,,,,,,
1848,Nicholas Brown,4947,Active,,,,,,
1849,Emily Sparks,287,Active,,,,,,
1850,Kurt Young MD,5201,Active,,,,,,
1851,Jerry Dean,6478,Active,,,,,,
1852,Michael Morales,7935,Active,,,,,,
1853,Jean Luna,4205,Active,,,,,,
1854,Reginald Harris,6801,Active,,,,,,
1855,Victoria Rodriguez,6076,Active,,,,,,
1856,Donna Dawson,1927,Active,,,,,,
1857,Shane Mcdonald,126,Active,,,,,,
1858,Brian Palmer,5202,Active,,,,,,
1859,Luke Noble,9501,Active,,,,,,
1860,Brian Stanley,9007,Active,,,,,,
1861,Christian Mcguire,1920,Active,,,,,,
1862,Jenna Brooks,9710,Active,,,,,,
1863,Wesley Johnson,3316,Active,,,,,,
1864,William Castro,8300,Active,,,,,,
1865,Shawn Wilson,5520,Active,,,,,,
1866,Miguel Phillips,1852,Active,,,,,,
1867,Anna Lewis,6774,Active,,,,,,
1868,Jordan Jackson,4257,Active,,,,,,
1869,Amy Smith,4224,Active,,,,,,
1870,Marcus Hoffman,2908,Active,,,,,,
1871,John Nguyen,8411,Active,,,,,,
1872,Timothy Higgins,884,Active,,,,,,
1873,Robert Mccormick,3567,Active,,,,,,
1874,Terri Morris,6139,Active,,,,,,
1875,Jill Higgins,9640,Active,,,,,,
1876,Mariah Ayala,5669,Active,,,,,,
1877,Mr. Kirk Wells,6733,Active,,,,,,
1878,Andrea Lopez,4583,Active,,,,,,
1879,Sierra Rogers,5650,Active,,,,,,
1880,Jacob Wheeler,6557,Active,,,,,,
1881,Clayton Stark,1255,Active,,,,,,
1882,Holly Bass,6956,Active,,,,,,
1883,Ryan Mclean MD,6962,Active,,,,,,
1884,Jill Thomas,7841,Active,,,,,,
1885,Donna Garcia,892,Active,,,,,,
1886,Shawn Johnson,4127,Active,,,,,,
1887,Kelli Villanueva,5995,Active,,,,,,
1888,Joseph Boyd,5156,Active,,,,,,
1889,Sandra Knight,6355,Active,,,,,,
1890,Jaime Lopez,6318,Active,,,,,,
1891,Corey Brewer,871,Active,,,,,,
1892,Alex Allen,7004,Active,,,,,,
1893,Sandra Gonzales,0,Closed,,,,,,
1894,Ashley Nelson,4309,Active,,,,,,
1895,Daniel Long,9757,Active,,,,,,
1896,Eugene Ferrell,5098,Active,,,,,,
1897,Scott Smith,8903,Active,,,,,,
1898,Megan Kirby,4395,Active,,,,,,
1899,Andre Freeman,7340,Active,,,,,,
1900,Darlene Nichols,4123,Active,,,,,,
1901,Stefanie Dickson DDS,2675,Active,,,,,,
1902,Mario Dixon,9637,Active,,,,,,
1903,Andrew Winters,9404,Active,,,,,,
1904,Robert Bender,9003,Active,,,,,,
1905,Lori Wallace,6581,Active,,,,,,
1906,Gregory Lee,915,Active,,,,,,
1907,Krystal Morris,3467,Active,,,,,,
1908,Kelsey Collins,6045,Active,,,,,,
1909,Michael Fletcher,7471,Active,,,,,,
1910,Maria Anderson,5888,Active,,,,,,
1911,Krystal Montgomery,8105,Active,,,,,,
1912,Shelly Cain,4783,Active,,,,,,
1913,Shawn Smith,3105,Active,,,,,,
1914,Paul Castillo,1629,Active,,,,,,
1915,Jared Cole,9933,Active,,,,,,
1916,Nathaniel Thomas,2264,Active,,,,,,
1917,Matthew Davis,2466,Active,,,,,,
1918,Linda Jordan,8585,Active,,,,,,
1919,Kyle Scott,6742,Active,,,,,,
1920,Martin House,6904,Active,,,,,,
1921,Chad Shea,6005,Active,,,,,,
1922,Dale Nelson,8005,Active,,,,,,
1923,David Martin,1802,Active,,,,,,
1924,Kerry Smith,7984,Active,,,,,,
1925,Joy Cortez,7177,Active,,,,,,
1926,Daniel Mccarty,6293,Active,,,,,,
1927,Dale Stone,8429,Active,,,,,,
1928,Evelyn Maldonado,4372,Active,,,,,,
1929,Sean Short,901,Active,,,,,,
1930,Andrew Shelton,4154,Active,,,,,,
1931,Mr. Michael Davis,8057,Active,,,,,,
1932,Patrick Avery,9842,Active,,,,,,
1933,Marcia Ballard DDS,2481,Active,,,,,,
1934,April Butler,528,Active,,,,,,
1935,Jennifer Jackson,1541,Active,,,,,,
1936,James Mullen,7202,Active,,,,,,
1937,Dr. Maureen Parks,9643,Active,,,,,,
1938,Andrea Macdonald,5275,Active,,,,,,
1939,Evan Gonzalez,4450,Active,,,,,,
1940,Brian Romero,7158,Active,,,,,,
1941,Joseph Mckinney,3880,Active,,,,,,
1942,Heidi Smith,5949,Active,,,,,,
1943,Christine Elliott,8209,Active,,,,,,
1944,Steven Bond,9915,Active,,,,,,
1945,Mercedes Rodriguez,940,Active,,,,,,
1946,Mark Frank,4062,Active,,,,,,
1947,Brian Sanchez,6367,Active,,,,,,
1948,Brittany Rivera,2823,Active,,,,,,
1949,Ryan Neal,9497,Active,,,,,,
1950,Ian Velez,7580,Active,,,,,,
1951,Dominique White DVM,7063,Active,,,,,,
1952,Tiffany Guerrero PhD,2369,Active,,,,,,
1953,Gregory Bonilla,8287,Active,,,,,,
1954,Jason Brown,9877,Active,,,,,,
1955,Stephanie Roman,3817,Active,,,,,,
1956,Matthew Pugh,9271,Active,,,,,,
1957,Lisa Guerrero,8827,Active,,,,,,
1958,Martin Horn,1299,Active,,,,,,
1959,Adrian Hall,8622,Active,,,,,,
1960,Eric Higgins,1046,Active,,,,,,
1961,Louis Perry,1528,Active,,,,,,
1962,Anthony Reed,643,Active,,,,,,
1963,Kurt Green,9612,Active,,,,,,
1964,Howard Cunningham,311,Active,,,,,,
1965,Kimberly Price,3823,Active,,,,,,
1966,John Blankenship,7998,Active,,,,,,
1967,Shelby Watson,3961,Active,,,,,,
1968,Reginald Johnson,7556,Active,,,,,,
1969,Lauren Larsen,4187,Active,,,,,,
1970,Margaret Stewart,8572,Active,,,,,,
1971,Patricia Pineda,9647,Active,,,,,,
1972,David White,8347,Active,,,,,,
1973,Terri Meyer,1585,Active,,,,,,
1974,Sandra Vasquez,2408,Active,,,,,,
1975,Joseph Molina,4825,Active,,,,,,
1976,Mary Mullins,5293,Active,,,,,,
1977,Bridget Chung,333,Active,,,,,,
1978,Melanie Saunders,5915,Active,,,,,,
1979,Shaun Hart,4832,Active,,,,,,
1980,Ashley Savage,4433,Active,,,,,,
1981,Ronald Luna,8253,Active,,,,,,
1982,Matthew Howard,3337,Active,,,,,,
1983,Michael Green,9373,Active,,,,,,
1984,Amber Maldonado,3856,Active,,,,,,
1985,Latoya Harrison,3877,Active,,,,,,
1986,Bradley Zamora,3011,Active,,,,,,
1987,Joshua Turner,6223,Active,,,,,,
1988,Michael Gray,1580,Active,,,,,,
1989,Robert Parker,6664,Active,,,,,,
1990,Jacqueline May,771,Active,,,,,,
1991,Andre Paul,1579,Active,,,,,,
1992,Eric Young,3233,Active,,,,,,
1993,Sabrina Alexander,8698,Active,,,,,,
1994,Jared Page,0,Closed,,,,,,
1995,Jacob Curtis,6120,Active,,,,,,
1996,Jaime Cline,420,Active,,,,,,
1997,Michael Griffin,7189,Active,,,,,,
1998,Mr. Luke Johnson,7903,Active,,,,,,
1999,Cole Gallagher,4265,Active,,,,,,
2000,Dustin Becker,3737,Active,,,,,,
